{"cameraMode":{"drawMode":0,"name":"Shaded","section":"Shading Mode"},"sceneLighting":true,"audioPlay":false,"sceneViewState":{"showFog":true,"showMaterialUpdate":false,"showSkybox":true,"showFlares":true,"showImageEffects":true,"showParticleSystems":true},"in2DMode":false,"pivot":{"x":1.3521127700805665,"y":-4.879077911376953,"z":8.172454833984375},"rotation":{"x":-0.24234238266944886,"y":-0.015427889302372933,"z":0.003854162059724331,"w":-0.9700654149055481},"size":14.7957124710083,"orthographic":false}